timestamp,port_gross_ret,turnover,cost,port_net_ret,bench_ret
2022-07-25,0.0,0.0,0.0,0.0,-0.004046715092804209
2022-07-26,0.0,0.0,0.0,0.0,0.0033862991967406443
2022-07-27,0.0,0.0,0.0,0.0,0.012008095750428386
2022-07-28,0.0,0.0,0.0,0.0,-0.0016373290300543946
2022-07-29,0.0,0.0,0.0,0.0,0.010518288649369803
2022-08-01,0.0,0.0,0.0,0.0,0.007305337448852853
2022-08-02,0.0,0.0,0.0,0.0,0.0062059962519031295
2022-08-03,0.0,0.0,0.0,0.0,0.0023902895368715887
2022-08-04,0.0,0.0,0.0,0.0,0.00369455242837718
2022-08-05,0.0,0.0,0.0,0.0,0.0036887431863175902
2022-08-08,0.0,0.0,0.0,0.0,0.007186255035760539
2022-08-09,0.0,0.0,0.0,0.0,0.002824943391183589
2022-08-10,0.0,0.0,0.0,0.0,-0.005571513602159007
2022-08-11,0.0,0.0,0.0,0.0,0.004631036833583227
2022-08-12,0.0,0.0,0.0,0.0,0.001151517459297681
2022-08-15,0.0,0.0,0.0,0.0,-0.0011748903907221847
2022-08-16,0.0,0.0,0.0,0.0,-0.002771670889334642
2022-08-17,0.0,0.0,0.0,0.0,-8.281504357796606e-05
2022-08-18,0.0,0.0,0.0,0.0,-0.00513082603765833
2022-08-19,0.0,0.0,0.0,0.0,-0.006236160723773302
2022-08-22,0.0,0.0,0.0,0.0,0.008202630651651688
2022-08-23,0.0,0.0,0.0,0.0,0.002932100441241605
2022-08-24,0.0,0.0,0.0,0.0,0.003994245298789277
2022-08-25,0.0,0.0,0.0,0.0,-0.001008263557378119
2022-08-26,0.0,0.0,0.0,0.0,-0.007118511144402653
2022-08-29,0.0,0.0,0.0,0.0,0.0028768862165742337
2022-08-30,0.0,0.0,0.0,0.0,0.0021933863911311213
2022-08-31,0.0,0.0,0.0,0.0,-0.003258034499895354
2022-09-05,0.0,0.0,0.0,0.0,0.0013690698989215447
2022-09-06,0.0,0.0,0.0,0.0,-0.01462876752757049
2022-09-07,0.0,0.0,0.0,0.0,-0.004604498279836482
2022-09-08,0.0,0.0,0.0,0.0,0.0031287828733673083
2022-09-09,0.0,0.0,0.0,0.0,-0.00011537040485159053
2022-09-12,0.0,0.0,0.0,0.0,0.005025549452581793
2022-09-13,0.0,0.0,0.0,0.0,-0.004300928376623267
2022-09-14,0.0,0.0,0.0,0.0,-0.00033699873519473433
2022-09-15,0.0,0.0,0.0,0.0,-0.008364779034400421
2022-09-16,0.0,0.0,0.0,0.0,-0.015420984637440432
2022-09-19,0.0,0.0,0.0,0.0,0.00654777737550087
2022-09-20,0.0,0.0,0.0,0.0,-0.00046408805927608825
2022-09-21,0.0,0.0,0.0,0.0,0.001477469154722697
2022-09-22,0.0,0.0,0.0,0.0,-0.0007785657804111122
2022-09-23,0.0,0.0,0.0,0.0,-0.016519859639842358
2022-09-26,0.0,0.0,0.0,0.0,4.8535211481901525e-05
2022-09-27,0.0,0.0,0.0,0.0,-0.006151915545722235
2022-09-28,0.0,0.0,0.0,0.0,-0.002725739828750968
2022-09-29,0.0,0.0,0.0,0.0,-0.0035301758148161668
2022-09-30,0.0,0.0,0.0,0.0,-0.02083592892009971
2022-10-03,0.0,0.0,0.0,0.0,-0.0066212864224222
2022-10-04,0.0,0.0,0.0,0.0,0.009138390962937542
2022-10-05,0.0,0.0,0.0,0.0,-0.01620978811612102
2022-10-06,0.0,0.0,0.0,0.0,-0.022801617559626886
2022-10-07,0.0,0.0,0.0,0.0,-0.0007258029010240311
2022-10-10,0.0,0.0,0.0,0.0,-0.023992015686485863
2022-10-11,0.0,0.0,0.0,0.0,0.009845083572084372
2022-10-12,0.0,0.0,0.0,0.0,-0.0015167306318524195
2022-10-13,0.0,0.0,0.0,0.0,0.008560379226474943
2022-10-14,0.0,0.0,0.0,0.0,9.80599731560059e-05
2022-10-17,0.0,0.0,0.0,0.0,0.00915155975394293
2022-10-18,0.0,0.0,0.0,0.0,-0.0038520951353269817
2022-10-19,0.0,0.0,0.0,0.0,-0.0044540071662092125
2022-10-20,0.0,0.0,0.0,0.0,-0.022374670230159845
2022-10-21,0.0,0.0,0.0,0.0,-0.025935079245329253
2022-10-24,0.0,0.0,0.0,0.0,-0.010951462521249546
2022-10-25,0.0,0.0,0.0,0.0,-0.008005842596220798
2022-10-26,0.0,0.0,0.0,0.0,0.02037207265173308
2022-10-27,0.0,0.0,0.0,0.0,0.003798707037611977
2022-10-28,0.0,0.0,0.0,0.0,-0.007944237746509928
2022-10-31,0.0,0.0,0.0,0.0,0.005967435179724848
2022-11-01,0.0,0.0,0.0,0.0,-0.002989684636540216
2022-11-02,0.0,0.0,0.0,0.0,-0.004955679657584674
2022-11-03,0.0,0.0,0.0,0.0,-0.013348442724000938
2022-11-04,0.0,0.0,0.0,0.0,-0.024841409154662493
2022-11-07,0.0,0.0,0.0,0.0,-0.0022964544394489376
2022-11-08,0.0,0.0,0.0,0.0,0.0034325847709427712
2022-11-09,0.0,0.0,0.0,0.0,-0.029347889800002535
2022-11-10,0.0,0.0,0.0,0.0,-0.00835885419992929
2022-11-11,0.0,0.0,0.0,0.0,-0.025799742483951584
2022-11-14,0.0,0.0,0.0,0.0,-0.03574134796949185
2022-11-15,0.0,0.0,0.0,0.0,0.022201841098049138
2022-11-16,0.0,0.0,0.0,0.0,0.021425910869222776
2022-11-17,0.0,0.0,0.0,0.0,0.011278053067235698
2022-11-18,0.0,0.0,0.0,0.0,0.008963430605555885
2022-11-21,0.0,0.0,0.0,0.0,0.010804336345495104
2022-11-22,0.0,0.0,0.0,0.0,-0.010371626010127906
2022-11-23,0.0,0.0,0.0,0.0,-0.0003504444229719793
2022-11-24,0.0,0.0,0.0,0.0,0.012825181115031205
2022-11-25,0.0,0.0,0.0,0.0,0.03096843703215412
2022-11-28,0.0,0.0,0.0,0.0,0.012087211381362047
2022-11-29,0.0,0.0,0.0,0.0,0.008922162400452498
2022-11-30,0.0,0.0,0.0,0.0,0.014558185901081308
2022-12-01,0.0,0.0,0.0,0.0,0.004615873752845433
2022-12-02,0.0,0.0,0.0,0.0,0.00854578316155963
2022-12-05,0.0,0.0,0.0,0.0,-0.014155456449824145
2022-12-06,0.0,0.0,0.0,0.0,-0.01674838853111299
2022-12-07,0.0,0.0,0.0,0.0,0.015660488777155368
2022-12-08,0.0,0.0,0.0,0.0,-0.0011376131906479508
2022-12-09,0.0,0.0,0.0,0.0,-0.003565788966078393
2022-12-12,0.0,0.0,0.0,0.0,0.004403433658309591
2022-12-13,0.0,0.0,0.0,0.0,0.005918790757841998
2022-12-14,0.0,0.0,0.0,0.0,0.00215932845641877
2022-12-15,0.0,0.0,0.0,0.0,0.006040942838002869
2022-12-16,0.0,0.0,0.0,0.0,0.001186720464491425
2022-12-19,0.0,0.0,0.0,0.0,-0.01295247393280207
2022-12-20,0.0,0.0,0.0,0.0,-0.009213888352117746
2022-12-21,0.0,0.0,0.0,0.0,-6.181158472091335e-05
2022-12-22,0.0,0.0,0.0,0.0,0.0026930881615901715
2022-12-23,0.0,0.0,0.0,0.0,-0.013788807807124834
2022-12-26,0.0,0.0,0.0,0.0,0.012902214764848211
2022-12-27,0.0,0.0,0.0,0.0,0.006051634008674673
2022-12-28,0.0,0.0,0.0,0.0,0.0014874676184180016
2022-12-29,0.0,0.0,0.0,0.0,0.0025293994464867407
2022-12-30,0.0,0.0,0.0,0.0,0.01757721092369307
2023-01-03,0.0,0.0,0.0,0.0,0.0010599966268495405
2023-01-04,0.0,0.0,0.0,0.0,-0.0007795155198554697
2023-01-05,0.0,0.0,0.0,0.0,-0.004799361402147434
2023-01-06,0.0,0.0,0.0,0.0,-0.0010493911707349403
2023-01-09,0.0,0.0,0.0,0.0,0.008476436255858704
2023-01-10,0.0,0.0,0.0,0.0,0.0020566422237644835
2023-01-11,0.0,0.0,0.0,0.0,-0.004051652291358892
2023-01-12,0.0,0.0,0.0,0.0,-0.00066801260756198
2023-01-13,0.0,0.0,0.0,0.0,-0.0020979409221771475
2023-01-16,0.0,0.0,0.0,0.0,0.010032649050768006
2023-01-17,0.0,0.0,0.0,0.0,0.007011815044805284
2023-01-18,0.0,0.0,0.0,0.0,0.010767398493531467
2023-01-19,0.0,0.0,0.0,0.0,0.010446605012312427
2023-01-27,0.0,0.0,0.0,0.0,0.010248609883429518
2023-01-30,0.0,0.0,0.0,0.0,0.005471714733032127
2023-01-31,0.0,0.0,0.0,0.0,-0.01058739691738559
2023-02-01,0.0,0.0,0.0,0.0,-0.005283592365327042
2023-02-02,0.0,0.0,0.0,0.0,2.8394631754198687e-05
2023-02-03,0.0,0.0,0.0,0.0,0.00012904046412463122
2023-02-06,0.0,0.0,0.0,0.0,-0.009364244857856665
2023-02-07,0.0,0.0,0.0,0.0,0.004166936088555134
2023-02-08,0.0,0.0,0.0,0.0,0.0029039843789781298
2023-02-09,0.0,0.0,0.0,0.0,-0.00642173493045679
2023-02-10,0.0,0.0,0.0,0.0,-0.012636974833922706
2023-02-13,0.0,0.0,0.0,0.0,0.0010715042637651302
2023-02-14,0.0,0.0,0.0,0.0,0.008168736637629652
2023-02-15,0.0,0.0,0.0,0.0,0.005278005032677573
2023-02-16,0.0,0.0,0.0,0.0,-0.0018068750437589699
2023-02-17,0.0,0.0,0.0,0.0,0.013240709762053417
2023-02-20,0.0,0.0,0.0,0.0,0.0008698210542421122
2023-02-21,0.0,0.0,0.0,0.0,-0.006244863363964797
2023-02-22,0.0,0.0,0.0,0.0,-0.004462109033476561
2023-02-23,0.0,0.0,0.0,0.0,-0.0039379104428369045
2023-02-24,0.0,0.0,0.0,0.0,-0.006773639161307275
2023-02-27,0.0,0.0,0.0,0.0,0.0002467398618432847
2023-02-28,0.0,0.0,0.0,0.0,0.006944657322912401
2023-03-01,0.0,0.0,0.0,0.0,-1.2526642762801781e-05
2023-03-02,0.0,0.0,0.0,0.0,-0.0028981538633311983
2023-03-03,0.0,0.0,0.0,0.0,0.003887353743345026
2023-03-06,0.0,0.0,0.0,0.0,0.0014736151567094145
2023-03-07,0.0,0.0,0.0,0.0,0.004145649252285936
2023-03-08,0.0,0.0,0.0,0.0,0.0010451948755370777
2023-03-09,0.0,0.0,0.0,0.0,-0.00015796897070043816
2023-03-10,0.0,0.0,0.0,0.0,-0.006647872748126144
2023-03-13,0.0,0.0,0.0,0.0,-0.004888334060245369
2023-03-14,0.0,0.0,0.0,0.0,0.007324927715019871
2023-03-15,0.0,0.0,0.0,0.0,-0.005176647812930953
2023-03-16,0.0,0.0,0.0,0.0,-0.001566985686925571
2023-03-17,0.0,0.0,0.0,0.0,-0.005845925204950003
2023-03-20,0.0,0.0,0.0,0.0,0.0021769017054182366
2023-03-21,0.0,0.0,0.0,0.0,0.0019328230078053449
2023-03-22,0.0,0.0,0.0,0.0,0.0008941573443400678
2023-03-23,0.0,0.0,0.0,0.0,0.005623095678883403
2023-03-24,0.0,0.0,0.0,0.0,0.002131720969038399
2023-03-27,0.0,0.0,0.0,0.0,0.0020726392750299374
2023-03-28,0.0,0.0,0.0,0.0,0.00158270871176971
2023-03-29,0.0,0.0,0.0,0.0,-0.0021979560072420447
2023-03-30,0.0,0.0,0.0,0.0,0.00366391541270848
2023-03-31,0.0,0.0,0.0,0.0,0.008734184103331603
2023-04-03,0.0,0.0,0.0,0.0,0.0008904640960073766
2023-04-04,0.0,0.0,0.0,0.0,0.0088817228574895
2023-04-05,0.0,0.0,0.0,0.0,0.000405293692203688
2023-04-06,0.0,0.0,0.0,0.0,-0.0008778460779170453
2023-04-07,0.0,0.0,0.0,0.0,0.0008460595743707558
2023-04-10,0.0,0.0,0.0,0.0,-0.0012786905963018242
2023-04-11,0.0,0.0,0.0,0.0,-0.00013465011051734996
2023-04-12,0.0,0.0,0.0,0.0,-0.005016173366798456
2023-04-13,0.0,0.0,0.0,0.0,-0.006383824915146755
2023-04-14,0.0,0.0,0.0,0.0,-0.0010171325240119985
2023-04-17,0.0,0.0,0.0,0.0,0.0031414613547567855
2023-04-18,0.0,0.0,0.0,0.0,-0.0022849713125763344
2023-04-19,0.0,0.0,0.0,0.0,0.0038063963845454004
2023-04-20,0.0,0.0,0.0,0.0,0.0005181764227994949
2023-04-21,0.0,0.0,0.0,0.0,7.392453665788486e-05
2023-04-24,0.0,0.0,0.0,0.0,-0.0031660530868747347
2023-04-25,0.0,0.0,0.0,0.0,0.0022210229703998876
2023-04-26,0.0,0.0,0.0,0.0,-0.0004748131569401769
2023-04-27,0.0,0.0,0.0,0.0,0.003729175247769507
2023-04-28,0.0,0.0,0.0,0.0,-0.0010106594962058528
2023-05-04,0.0,0.0,0.0,0.0,-8.948122794389476e-05
2023-05-05,0.0,0.0,0.0,0.0,0.009225537996594634
2023-05-08,0.0,0.0,0.0,0.0,0.0006264232601984338
2023-05-09,0.0,0.0,0.0,0.0,0.008915872907387178
2023-05-10,0.0,0.0,0.0,0.0,0.0028782506005042264
2023-05-11,0.0,0.0,0.0,0.0,0.0029425816847276688
2023-05-12,0.0,0.0,0.0,0.0,0.004530073484528014
2023-05-15,0.0,0.0,0.0,0.0,0.0008067907260484125
2023-05-16,0.0,0.0,0.0,0.0,0.0012533160255284246
2023-05-17,0.0,0.0,0.0,0.0,8.733985296198174e-06
2023-05-18,0.0,0.0,0.0,0.0,0.0022934842224835703
2023-05-19,0.0,0.0,0.0,0.0,0.0004266169125721302
2023-05-22,0.0,0.0,0.0,0.0,0.0014928932393314823
2023-05-23,0.0,0.0,0.0,0.0,0.0007055980506609483
2023-05-24,0.0,0.0,0.0,0.0,-0.0007591137386094526
2023-05-25,0.0,0.0,0.0,0.0,0.0065157303141837675
2023-05-26,0.0,0.0,0.0,0.0,0.014065080005327
2023-05-29,0.0,0.0,0.0,0.0,0.008501479582228931
2023-05-30,0.0,0.0,0.0,0.0,0.011370990279949039
2023-05-31,0.0,0.0,0.0,0.0,0.009002098217976203
2023-06-01,0.0,0.0,0.0,0.0,0.002503299991607527
2023-06-02,0.0,0.0,0.0,0.0,0.0016036223926808489
2023-06-05,0.0,0.0,0.0,0.0,0.009371826555740051
2023-06-06,0.0,0.0,0.0,0.0,0.0086954591978063
2023-06-07,0.0,0.0,0.0,0.0,-0.002218427262511038
2023-06-08,0.0,0.0,0.0,0.0,0.0024765901854567653
2023-06-09,0.0,0.0,0.0,0.0,0.009512750190683483
2023-06-12,0.0,0.0,0.0,0.0,0.008741991013528619
2023-06-13,0.0,0.0,0.0,0.0,-0.004950157787912527
2023-06-14,0.0,0.0,0.0,0.0,-0.004982413468084399
2023-06-15,0.0,0.0,0.0,0.0,-0.0005298859950059033
2023-06-16,0.0,0.0,0.0,0.0,-0.008358019798233283
2023-06-19,0.0,0.0,0.0,0.0,0.0073792716391226365
2023-06-20,0.0,0.0,0.0,0.0,0.006839675593026913
2023-06-21,0.0,0.0,0.0,0.0,0.0021386954592544265
2023-06-22,0.0,0.0,0.0,0.0,0.0024567783909498686
2023-06-23,0.0,0.0,0.0,0.0,-0.004265875863082801
2023-06-26,0.0,0.0,0.0,0.0,0.0014712091829896506
2023-06-27,0.0,0.0,0.0,0.0,-0.0027458366550717965
2023-06-28,0.0,0.0,0.0,0.0,-0.006143867875527615
2023-06-29,0.0,0.0,0.0,0.0,-0.0009503716170888267
2023-06-30,0.0,0.0,0.0,0.0,8.912950387849983e-05
2023-07-03,0.0,0.0,0.0,0.0,0.004684696682430706
2023-07-04,0.0,0.0,0.0,0.0,-4.3495518096512994e-05
2023-07-05,0.0,0.0,0.0,0.0,-0.0077012451143807295
2023-07-06,0.0,0.0,0.0,0.0,0.003772922485883531
2023-07-07,0.0,0.0,0.0,0.0,0.006449912338902343
2023-07-10,0.0,0.0,0.0,0.0,0.00272387534247295
2023-07-11,0.0,0.0,0.0,0.0,0.0022539889290644536
2023-07-12,0.0,0.0,0.0,0.0,0.002292238699151361
2023-07-13,0.0,0.0,0.0,0.0,-0.0010285550689207472
2023-07-14,0.0,0.0,0.0,0.0,0.004831934882552991
2023-07-17,0.0,0.0,0.0,0.0,0.0008830733190488257
2023-07-18,0.0,0.0,0.0,0.0,-0.0025238169237870585
2023-07-19,0.0,0.0,0.0,0.0,0.006765797382017475
2023-07-20,0.0,0.0,0.0,0.0,0.006113289767758527
2023-07-21,0.0,0.0,0.0,0.0,0.005193685775318554
2023-07-24,0.0,0.0,0.0,0.0,-0.000735713729760421
2023-07-25,0.0,0.0,0.0,0.0,9.791948305839712e-05
2023-07-26,0.0,0.0,0.0,0.0,0.001504560650608969
2023-07-27,0.0,0.0,0.0,0.0,0.00774817665529668
2023-07-28,0.0,0.0,0.0,0.0,0.004957333668700367
2023-07-31,0.0,0.0,0.0,0.0,-0.004382963642113531
2023-08-01,0.0,0.0,0.0,0.0,0.004988341093566174
2023-08-02,0.0,0.0,0.0,0.0,-0.003566473054974317
2023-08-03,0.0,0.0,0.0,0.0,0.004368017696942581
2023-08-04,0.0,0.0,0.0,0.0,0.008656720207369895
2023-08-07,0.0,0.0,0.0,0.0,0.004554156175582398
2023-08-08,0.0,0.0,0.0,0.0,0.009645407996459042
2023-08-09,0.0,0.0,0.0,0.0,-0.004284483184408492
2023-08-10,0.0,0.0,0.0,0.0,0.0008379985697362527
2023-08-11,0.0,0.0,0.0,0.0,0.005398219040988172
2023-08-14,0.0,0.0,0.0,0.0,0.0041855653431715975
2023-08-15,0.0,0.0,0.0,0.0,-0.0003795729242430177
2023-08-16,0.0,0.0,0.0,0.0,-0.003866260718971739
2023-08-17,0.0,0.0,0.0,0.0,-0.03322954664378182
2023-08-18,0.0,0.0,0.0,0.0,0.0011155379401785175
2023-08-21,0.0,0.0,0.0,0.0,-0.0004221924527425092
2023-08-22,0.0,0.0,0.0,0.0,0.0006456534948595705
2023-08-23,0.0,0.0,0.0,0.0,0.007448095386081219
2023-08-24,0.0,0.0,0.0,0.0,0.0011656011677885778
2023-08-25,0.0,0.0,0.0,0.0,0.005226192927479305
2023-08-28,0.0,0.0,0.0,0.0,0.0030856857819017143
2023-08-29,0.0,0.0,0.0,0.0,0.004003463937807795
2023-08-30,0.0,0.0,0.0,0.0,0.006930331479729465
2023-08-31,0.0,0.0,0.0,0.0,0.007427064674298742
2023-09-05,0.0,0.0,0.0,0.0,0.004302299941787217
2023-09-06,0.0,0.0,0.0,0.0,0.0038217186113726565
2023-09-07,0.0,0.0,0.0,0.0,0.0057184643057500775
2023-09-08,0.0,0.0,0.0,0.0,-0.009938276531967412
2023-09-11,0.0,0.0,0.0,0.0,0.00899939767920733
2023-09-12,0.0,0.0,0.0,0.0,-0.0019417814799639953
2023-09-13,0.0,0.0,0.0,0.0,-0.006014191146779137
2023-09-14,0.0,0.0,0.0,0.0,-0.0012248507164041406
2023-09-15,0.0,0.0,0.0,0.0,-0.006121364007604993
2023-09-18,0.0,0.0,0.0,0.0,7.752976457207607e-05
2023-09-19,0.0,0.0,0.0,0.0,0.00734434053725407
2023-09-20,0.0,0.0,0.0,0.0,-0.002331190702902194
2023-09-21,0.0,0.0,0.0,0.0,-0.014767531699399733
2023-09-22,0.0,0.0,0.0,0.0,-0.021265748820247475
2023-09-25,0.0,0.0,0.0,0.0,-0.008909441054989855
2023-09-26,0.0,0.0,0.0,0.0,0.004396719628447161
2023-09-27,0.0,0.0,0.0,0.0,-0.0009239222079736316
2023-09-28,0.0,0.0,0.0,0.0,0.003822499576727176
2023-09-29,0.0,0.0,0.0,0.0,0.003977646031645784
2023-10-02,0.0,0.0,0.0,0.0,-0.015450487286684361
2023-10-03,0.0,0.0,0.0,0.0,0.005516372561339236
2023-10-04,0.0,0.0,0.0,0.0,-0.0034888252437189167
2023-10-05,0.0,0.0,0.0,0.0,0.0029961493514239134
2023-10-06,0.0,0.0,0.0,0.0,0.007160942773899137
2023-10-09,0.0,0.0,0.0,0.0,0.0055951230250566066
2023-10-10,0.0,0.0,0.0,0.0,0.00495558738684091
2023-10-11,0.0,0.0,0.0,0.0,0.0007478390823340067
2023-10-12,0.0,0.0,0.0,0.0,0.0003708922134887331
2023-10-13,0.0,0.0,0.0,0.0,-0.004289850081132784
2023-10-16,0.0,0.0,0.0,0.0,-0.00781436244283614
2023-10-17,0.0,0.0,0.0,0.0,-0.015946489360392266
2023-10-18,0.0,0.0,0.0,0.0,-0.004461118984213737
2023-10-19,0.0,0.0,0.0,0.0,0.005787340149128823
2023-10-20,0.0,0.0,0.0,0.0,-0.0016697701415000518
2023-10-23,0.0,0.0,0.0,0.0,0.00542585916671627
2023-10-24,0.0,0.0,0.0,0.0,-0.0016718798541049123
2023-10-25,0.0,0.0,0.0,0.0,-0.027021661608421187
2023-10-26,0.0,0.0,0.0,0.0,0.007123708338888092
2023-10-27,0.0,0.0,0.0,0.0,-0.0077707926006383024
2023-10-30,0.0,0.0,0.0,0.0,-0.012292970297904273
2023-10-31,0.0,0.0,0.0,0.0,0.004724473056305002
2023-11-01,0.0,0.0,0.0,0.0,0.023576098955070384
2023-11-02,0.0,0.0,0.0,0.0,0.0015318933507038684
2023-11-03,0.0,0.0,0.0,0.0,0.002476584115291428
2023-11-06,0.0,0.0,0.0,0.0,-0.001686484076385076
2023-11-07,0.0,0.0,0.0,0.0,0.01714780658091434
2023-11-08,0.0,0.0,0.0,0.0,0.00401245311324434
2023-11-09,0.0,0.0,0.0,0.0,-0.004148823310758096
2023-11-10,0.0,0.0,0.0,0.0,-0.002586017541518676
2023-11-13,0.0,0.0,0.0,0.0,0.005226380217836165
2023-11-14,0.0,0.0,0.0,0.0,0.0031253511273626688
2023-11-15,0.0,1.0,0.001,-0.001,0.0016633937200014927
2023-11-16,0.0,1.0,0.001,-0.001,-0.0032935024307667107
2023-11-17,0.0,0.0,0.0,0.0,-0.0017161556261761314
2023-11-20,0.0,0.0,0.0,0.0,0.0016181636597421456
2023-11-21,0.0,0.0,0.0,0.0,0.0013884203508254475
2023-11-22,0.0,0.0,0.0,0.0,-0.0025509025395713675
2023-11-23,0.0,0.0,0.0,0.0,-0.002929978992611516
2023-11-24,0.0,0.0,0.0,0.0,-0.0030398921714944395
2023-11-27,0.0,0.0,0.0,0.0,0.002609137028146903
2023-11-28,0.0,0.0,0.0,0.0,0.00544657274158797
2023-11-29,0.0,0.0,0.0,0.0,0.001076415504168042
2023-11-30,0.0,0.0,0.0,0.0,-0.0005772084223188128
2023-12-01,0.0,0.0,0.0,0.0,0.011175808951467026
2023-12-04,0.0,0.0,0.0,0.0,-0.0004625299577739822
2023-12-05,0.0,0.0,0.0,0.0,0.0021563741049356587
2023-12-06,0.0,0.0,0.0,0.0,0.0005705811926236728
2023-12-07,0.0,0.0,0.0,0.0,-0.001139082247226636
2023-12-08,0.0,0.0,0.0,0.0,-0.001281052308873606
2023-12-11,0.0,0.0,0.0,0.0,-0.00032807259252201415
2023-12-12,0.0,0.0,0.0,0.0,-0.004337078691310562
2023-12-13,0.0,0.0,0.0,0.0,-0.0033990352878786423
2023-12-14,0.0,0.0,0.0,0.0,0.001481839095778957
2023-12-15,0.0,0.0,0.0,0.0,-0.0006742538974978586
2023-12-18,0.0,0.0,0.0,0.0,0.003066319095439837
2023-12-19,0.0,0.0,0.0,0.0,0.004238123687790879
2023-12-20,0.0,0.0,0.0,0.0,0.0005458855152558715
2023-12-21,0.0,0.0,0.0,0.0,-0.0009860822325554294
2023-12-22,0.0,0.0,0.0,0.0,0.00550211665290652
2023-12-25,0.0,0.0,0.0,0.0,0.0025321342510698755
2023-12-26,0.0,0.0,0.0,0.0,0.0021262099972586346
2023-12-27,0.0,0.0,0.0,0.0,0.003524871359615405
2023-12-28,0.09999999999999987,1.0,0.001,0.09899999999999987,0.0037974618650082974
2023-12-29,0.0,1.0,0.001,-0.001,0.002700289687381215
2024-01-02,0.0,0.0,0.0,0.0,0.0022420574810392544
2024-01-03,0.0,0.0,0.0,0.0,0.0012093269225805373
2024-01-04,0.0,0.0,0.0,0.0,-0.0006091243916736842
2024-01-05,0.0,0.0,0.0,0.0,0.0021687836529708914
2024-01-08,0.0,0.0,0.0,0.0,2.2428483049626597e-05
2024-01-09,0.0,0.0,0.0,0.0,-0.001862807194825313
2024-01-10,0.0,0.0,0.0,0.0,-0.001940550875222222
2024-01-11,0.0,0.0,0.0,0.0,-0.004732887939137153
2024-01-12,0.0,0.0,0.0,0.0,-0.001948885848777885
2024-01-15,0.0,0.0,0.0,0.0,0.0001651093656043736
2024-01-16,0.0,0.0,0.0,0.0,0.001025330421056137
2024-01-17,0.0,0.0,0.0,0.0,0.00217455153135698
2024-01-18,0.0,0.0,0.0,0.0,0.0004300250795160287
2024-01-19,0.0,0.0,0.0,0.0,-0.0009068169899482792
2024-01-22,0.0,0.0,0.0,0.0,0.0026296429452738294
2024-01-23,0.0,0.0,0.0,0.0,-0.001628700318428752
2024-01-24,0.0,0.0,0.0,0.0,0.0005148223006241483
2024-01-25,0.0,0.0,0.0,0.0,0.004152158025139495
2024-01-26,0.0,0.0,0.0,0.0,0.0006504958721821817
2024-01-29,0.0,0.0,0.0,0.0,0.0030314604223674367
2024-01-30,0.0,0.0,0.0,0.0,0.0002326954850886988
2024-01-31,0.0,0.0,0.0,0.0,-0.0005372149322414412
2024-02-01,0.0,0.0,0.0,0.0,0.0001747885983840286
2024-02-02,0.0,0.0,0.0,0.0,-0.0014811818659961173
2024-02-05,0.0,0.0,0.0,0.0,0.0033131024796238156
2024-02-06,0.0,0.0,0.0,0.0,0.0028134749280470154
2024-02-07,0.0,0.0,0.0,0.0,0.004753863395215388
2024-02-15,0.0,0.0,0.0,0.0,0.0025661983946244746
2024-02-16,0.0,0.0,0.0,0.0,0.0038137615642899296
2024-02-19,0.0,0.0,0.0,0.0,0.001139831718870389
2024-02-20,0.0,0.0,0.0,0.0,0.0027831658223635867
2024-02-21,0.0,0.0,0.0,0.0,0.0014519402086070317
2024-02-22,0.0,0.0,0.0,0.0,-0.004306821729487806
2024-02-23,0.0,0.0,0.0,0.0,0.006291270503005683
2024-02-26,0.0,0.0,0.0,0.0,0.0030897264668104927
2024-02-27,0.0,0.0,0.0,0.0,0.001562437859750473
2024-02-28,0.09375,1.0,0.001,0.09275,-0.0018712515793944818
2024-02-29,-0.05714285714285716,0.0,0.0,-0.05714285714285716,0.004098062662728069
2024-03-01,0.0,1.0,0.001,-0.001,0.005497269283035152
2024-03-04,0.0,0.0,0.0,0.0,-4.5465660789619887e-05
2024-03-05,0.0,0.0,0.0,0.0,-0.000783265907956007
2024-03-06,0.0,0.0,0.0,0.0,0.005433823291566491
2024-03-07,0.0,0.0,0.0,0.0,-0.0017007118873296938
2024-03-08,-0.08585858585858586,1.0,0.001,-0.08685858585858586,-0.004493783980059612
2024-03-11,0.0,1.0,0.001,-0.001,0.0024335665336555072
2024-03-12,0.0,0.0,0.0,0.0,0.010514125185561064
2024-03-13,0.0,0.0,0.0,0.0,0.0037070549904404037
2024-03-14,0.0,0.0,0.0,0.0,0.0029843605603513887
2024-03-15,0.0,0.0,0.0,0.0,-0.006507634578847427
2024-03-18,0.0,0.0,0.0,0.0,6.160758549300283e-05
2024-03-19,0.0,0.0,0.0,0.0,0.002287998191231638
2024-03-20,0.0,0.0,0.0,0.0,0.00468518755070149
2024-03-21,0.0,0.0,0.0,0.0,0.0014805947172016906
2024-03-22,0.0,0.0,0.0,0.0,-0.0013527397360035757
2024-03-25,0.0,0.0,0.0,0.0,0.004806017310052679
2024-03-26,0.0,0.0,0.0,0.0,0.003856415843237756
2024-03-27,0.0,0.0,0.0,0.0,0.0026284263609474535
2024-03-28,0.0,0.0,0.0,0.0,0.0022294781973982475
2024-03-29,0.0,0.0,0.0,0.0,-4.2889447265435296e-05
2024-04-01,0.0,0.0,0.0,0.0,-0.001228456539835123
2024-04-02,0.0,0.0,0.0,0.0,-0.0022337983885351276
2024-04-03,0.0,0.0,0.0,0.0,-0.0013432939174368593
2024-04-04,0.0,0.0,0.0,0.0,-0.0006137523114194167
2024-04-05,0.0,0.0,0.0,0.0,-0.005722895151679379
2024-04-08,0.0,0.0,0.0,0.0,0.005079366168185576
2024-04-09,0.0,0.0,0.0,0.0,-0.0014390329594417923
2024-04-10,0.0,0.0,0.0,0.0,0.00159443552384007
2024-04-11,0.0,0.0,0.0,0.0,0.0015690485513191038
2024-04-12,0.0,0.0,0.0,0.0,-0.020984865647113094
2024-04-15,0.0,0.0,0.0,0.0,-0.005369343326459269
2024-04-16,0.0,0.0,0.0,0.0,-0.0017080697738554188
2024-04-17,0.0,0.0,0.0,0.0,-0.010671525085904486
2024-04-19,0.0,0.0,0.0,0.0,0.012518863321899491
2024-04-22,0.0,0.0,0.0,0.0,-0.004830522488741629
2024-04-23,0.0,0.0,0.0,0.0,0.012450758736226569
2024-04-24,0.0,0.0,0.0,0.0,-0.0013766822519253132
2024-04-25,0.0,0.0,0.0,0.0,-0.0007378939203047891
2024-04-26,0.0,0.0,0.0,0.0,0.0017559309950747207
2024-05-02,0.0,0.0,0.0,0.0,0.002938479301183697
2024-05-03,0.0,0.0,0.0,0.0,0.008574316382830061
2024-05-06,0.0,0.0,0.0,0.0,0.004576129473280228
2024-05-07,0.0,0.0,0.0,0.0,0.005436336582429945
2024-05-08,0.0,0.0,0.0,0.0,0.0026765438736728354
2024-05-09,0.0,0.0,0.0,0.0,-0.00013729194577941238
2024-05-10,0.0,0.0,0.0,0.0,0.0063162429674791945
2024-05-13,0.0,0.0,0.0,0.0,0.0026006655953880985
2024-05-14,0.0,0.0,0.0,0.0,0.0024983006215236084
2024-05-15,0.0,0.0,0.0,0.0,0.004171097031607235
2024-05-16,0.0,0.0,0.0,0.0,0.004572730419329453
2024-05-17,0.0,0.0,0.0,0.0,0.0037302099543897985
2024-05-20,0.0,0.0,0.0,0.0,0.0005005347040438584
2024-05-21,0.0,0.0,0.0,0.0,0.0018535215290080343
2024-05-22,0.0,0.0,0.0,0.0,0.002458383069522294
2024-05-23,0.0,0.0,0.0,0.0,-0.008506318616063172
2024-05-24,0.0,0.0,0.0,0.0,0.005233762089153485
2024-05-27,0.0,0.0,0.0,0.0,0.006963268457626583
2024-05-28,0.0,0.0,0.0,0.0,-0.0009726435409290137
2024-05-29,0.0,0.0,0.0,0.0,0.0011996476650493577
2024-05-30,0.0,0.0,0.0,0.0,0.0027091737995956875
2024-05-31,0.0,0.0,0.0,0.0,0.006959531217077134
2024-06-03,0.0,0.0,0.0,0.0,0.0027515171103003394
2024-06-04,0.0,0.0,0.0,0.0,0.003471631371678187
2024-06-05,0.0,0.0,0.0,0.0,0.0030472087378949795
2024-06-06,0.0,0.0,0.0,0.0,0.0042997720465890255
2024-06-07,0.0,0.0,0.0,0.0,0.006400177247594409
2024-06-10,0.0,0.0,0.0,0.0,-0.0005442090205025714
2024-06-11,0.0,0.0,0.0,0.0,0.0030807437865650635
2024-06-12,0.0,0.0,0.0,0.0,0.0036396219623203068
2024-06-13,0.0,0.0,0.0,0.0,-0.007108942303634071
2024-06-14,0.0,0.0,0.0,0.0,0.0007722626358543176
2024-06-17,0.0,0.0,0.0,0.0,0.0028943885187090977
2024-06-18,0.0,0.0,0.0,0.0,0.0037461830222159428
2024-06-19,0.0,0.0,0.0,0.0,0.004618187113449229
2024-06-20,0.0,0.0,0.0,0.0,0.010559434346401752
2024-06-21,0.0,0.0,0.0,0.0,-0.005335111388532708
2024-06-24,0.0,0.0,0.0,0.0,-0.0009610276243294948
2024-06-25,0.0,0.0,0.0,0.0,0.002528032262159426
2024-06-26,0.0,0.0,0.0,0.0,-0.0009052122773069461
2024-06-27,0.0,0.0,0.0,0.0,-0.006258938833725399
2024-06-28,0.0,0.0,0.0,0.0,0.0015156932360758648
2024-07-01,0.0,0.0,0.0,0.0,0.0026304915098295458
2024-07-02,0.0,0.0,0.0,0.0,0.0026771599608845184
2024-07-03,0.0,0.0,0.0,0.0,0.0034019244825031695
2024-07-04,0.0,0.0,0.0,0.0,-0.0012677701340378742
2024-07-05,0.0,0.0,0.0,0.0,0.004538028390424693
2024-07-08,0.0,0.0,0.0,0.0,0.00631692702329195
2024-07-09,0.0,0.0,0.0,0.0,-0.001069688684996353
2024-07-10,0.0,0.0,0.0,0.0,0.003423226583779184
2024-07-11,0.0,0.0,0.0,0.0,-0.0015221086788673537
2024-07-12,0.0,0.0,0.0,0.0,0.0017378079685341178
2024-07-15,0.0,0.0,0.0,0.0,0.005054997810901111
2024-07-16,0.0,0.0,0.0,0.0,-0.011428354276199785
2024-07-17,0.0,0.0,0.0,0.0,-0.001360082317552927
2024-07-18,0.0,0.0,0.0,0.0,-0.005819354552348173
2024-07-19,0.0,0.0,0.0,0.0,-0.003857440397439667
2024-07-22,0.0,0.0,0.0,0.0,-0.008021063388069924
2024-07-23,0.0,0.0,0.0,0.0,0.005507694427812348
2024-07-24,0.0,0.0,0.0,0.0,-0.0034425049865987917
2024-07-25,0.0,0.0,0.0,0.0,0.005178741545006486
2024-07-26,0.0,0.0,0.0,0.0,0.005693978618040419
2024-07-29,0.0,0.0,0.0,0.0,-0.004356424717633721
2024-07-30,0.0,0.0,0.0,0.0,0.00017859513970625146
2024-07-31,0.0,0.0,0.0,0.0,-0.009001060267833205
2024-08-01,0.0,0.0,0.0,0.0,0.004044544707431486
2024-08-02,0.0,0.0,0.0,0.0,-0.020815343930651528
2024-08-05,0.0,0.0,0.0,0.0,0.007001141108888019
2024-08-06,0.0,0.0,0.0,0.0,0.004917938310180484
2024-08-07,0.0,0.0,0.0,0.0,-0.003262089505837569
2024-08-08,0.0,0.0,0.0,0.0,0.004480182694144063
2024-08-09,0.0,0.0,0.0,0.0,0.0015424411191088164
2024-08-12,0.0,0.0,0.0,0.0,-0.0009363854953591288
2024-08-13,0.0,0.0,0.0,0.0,-0.0030941320679193506
2024-08-14,0.0,0.0,0.0,0.0,-0.0017570652776828439
2024-08-15,0.0,0.0,0.0,0.0,0.016813735403565202
2024-08-16,0.0,0.0,0.0,0.0,-0.0011670828783385747
2024-08-19,0.0,0.0,0.0,0.0,0.004710861610150209
2024-08-20,0.0,0.0,0.0,0.0,0.0037039747746703414
2024-08-21,0.0,0.0,0.0,0.0,0.00148393096887708
2024-08-22,0.0,0.0,0.0,0.0,0.0024680310353875933
2024-08-23,0.0,0.0,0.0,0.0,7.334078450609617e-05
2024-08-26,0.0,0.0,0.0,0.0,-0.000932063122300683
2024-08-27,0.0,0.0,0.0,0.0,-0.0030355877079143423
2024-08-28,0.09832134292565953,1.0,0.001,0.09732134292565953,0.001231748888840577
2024-08-29,0.0,1.0,0.001,-0.001,0.0012908786818255453
2024-08-30,0.0,0.0,0.0,0.0,-0.0019061562735791552
2024-09-04,0.0,0.0,0.0,0.0,-0.0017064121607131765
2024-09-05,0.0,0.0,0.0,0.0,-0.0005029509340103129
2024-09-06,0.0,0.0,0.0,0.0,-0.0032599708464445916
2024-09-09,0.0,0.0,0.0,0.0,-0.0031178585984093653
2024-09-10,0.0,0.0,0.0,0.0,-0.0012808801847010672
2024-09-11,0.0,0.0,0.0,0.0,0.0022444564569460953
2024-09-12,0.0,0.0,0.0,0.0,0.0010130542211611293
2024-09-13,0.0,0.0,0.0,0.0,-0.0004965717709933195
2024-09-16,0.0,0.0,0.0,0.0,0.002316341067445114
2024-09-17,0.0,0.0,0.0,0.0,0.0007091512264408484
2024-09-18,0.0,0.0,0.0,0.0,-0.00037050793354827824
2024-09-19,0.0,0.0,0.0,0.0,0.0014617000672380153
2024-09-20,0.0,0.0,0.0,0.0,0.0008057676763196027
2024-09-23,0.0,0.0,0.0,0.0,0.00459230854925614
2024-09-24,0.0,0.0,0.0,0.0,0.0012605238130642986
2024-09-25,0.0,0.0,0.0,0.0,-0.0010482643858892532
2024-09-26,0.0,0.0,0.0,0.0,-0.0014232826152573085
2024-09-27,0.0,0.0,0.0,0.0,-0.0021732912007751443
2024-09-30,0.0,0.0,0.0,0.0,0.002311455215036977
2024-10-01,0.0,0.0,0.0,0.0,-0.0018539913641909083
2024-10-02,0.0,0.0,0.0,0.0,-0.0031781985577923953
2024-10-03,0.0,0.0,0.0,0.0,-0.0021914503358219668
2024-10-04,0.0,0.0,0.0,0.0,2.5257213893394396e-05
2024-10-07,0.0,0.0,0.0,0.0,-0.002123465865455014
2024-10-08,0.0,0.0,0.0,0.0,-0.0010945619517620893
2024-10-09,0.0,0.0,0.0,0.0,-0.0006776250497217672
2024-10-10,0.0,0.0,0.0,0.0,-0.001019100626986864
2024-10-11,0.0,0.0,0.0,0.0,2.3198613083967566e-05
2024-10-14,0.0,0.0,0.0,0.0,-0.0013613872309905294
2024-10-15,0.0,0.0,0.0,0.0,-0.0016258214801154586
2024-10-16,0.0,0.0,0.0,0.0,0.0028365105705709446
2024-10-17,0.0,0.0,0.0,0.0,-0.000596269194149296
2024-10-18,0.0,0.0,0.0,0.0,-0.0015007853249000217
2024-10-21,0.0,0.0,0.0,0.0,-0.0008699971439107486
2024-10-22,0.0,0.0,0.0,0.0,0.00484546473298908
2024-10-23,0.0,0.0,0.0,0.0,-0.0011789807971351093
2024-10-24,0.0,0.0,0.0,0.0,-0.0018600512955985295
2024-10-25,0.0,0.0,0.0,0.0,-0.0005118590052153209
2024-10-28,0.0,0.0,0.0,0.0,0.004889286522208811
2024-10-29,0.0,0.0,0.0,0.0,-0.0017380082680433094
2024-10-30,0.0,0.0,0.0,0.0,-0.00046668827008380866
2024-10-31,0.0,0.0,0.0,0.0,-0.001182501104409993
2024-11-01,0.0,0.0,0.0,0.0,-0.0045933639651619335
2024-11-04,0.0,0.0,0.0,0.0,0.0034301433843783825
2024-11-05,0.0,0.0,0.0,0.0,0.0071954813448287264
2024-11-06,0.0,0.0,0.0,0.0,0.0002613735254304954
2024-11-07,0.0,0.0,0.0,0.0,-0.0009384323288377656
2024-11-08,0.0,0.0,0.0,0.0,0.004470437598867633
2024-11-11,0.0,0.0,0.0,0.0,-0.00010861993362358487
2024-11-12,0.0,0.0,0.0,0.0,-0.0001484121970006725
2024-11-13,0.0,0.0,0.0,0.0,-0.004498495229895516
2024-11-14,0.0,0.0,0.0,0.0,-0.006477265620246708
2024-11-15,0.0,0.0,0.0,0.0,0.0012498741161224652
2024-11-18,0.0,0.0,0.0,0.0,-0.004572507913162196
2024-11-19,0.0,0.0,0.0,0.0,0.002635484665963209
2024-11-20,0.0,0.0,0.0,0.0,0.00105090381262414
2024-11-21,0.0,0.0,0.0,0.0,-0.0009398078983834998
2024-11-22,0.0,0.0,0.0,0.0,-0.0006094942700826881
2024-11-25,0.0,0.0,0.0,0.0,0.002934125109869518
2024-11-26,0.0,0.0,0.0,0.0,-0.0009665142201310063
2024-11-27,0.0,0.0,0.0,0.0,0.002285784782413116
2024-11-28,0.0,0.0,0.0,0.0,0.0007567133364662584
2024-11-29,0.0,0.0,0.0,0.0,0.002674834627403848
2024-12-02,0.0,0.0,0.0,0.0,-0.0015296873572937005
2024-12-03,0.0,0.0,0.0,0.0,0.0016640647432183712
2024-12-04,0.0,0.0,0.0,0.0,0.009234115738080648
2024-12-05,0.0,0.0,0.0,0.0,0.00045487163605676106
2024-12-06,0.0,0.0,0.0,0.0,0.0051060666464358495
2024-12-09,0.0,0.0,0.0,0.0,0.0008372344793519914
2024-12-10,0.0,0.0,0.0,0.0,-0.0004597285149166803
2024-12-11,0.0,0.0,0.0,0.0,0.00034598544321770775
2024-12-12,0.0,0.0,0.0,0.0,-0.00011095241985621587
2024-12-13,0.0,0.0,0.0,0.0,0.002678637866052272
2024-12-16,0.0,0.0,0.0,0.0,0.0010713943679597547
2024-12-17,0.0,0.0,0.0,0.0,0.0021346881724288763
2024-12-18,0.0,0.0,0.0,0.0,-0.00046459828058805077
2024-12-19,0.0,0.0,0.0,0.0,0.005533093469354844
2024-12-20,0.0,0.0,0.0,0.0,0.0076650854289013245
2024-12-23,0.0,0.0,0.0,0.0,0.0010883052507532145
2024-12-24,0.0,0.0,0.0,0.0,0.005593790233194837
2024-12-25,0.0,0.0,0.0,0.0,0.0032282308549795445
2024-12-26,0.0,0.0,0.0,0.0,-0.002112926890291408
2024-12-27,0.0,0.0,0.0,0.0,-0.004176112956373721
2024-12-30,0.0,0.0,0.0,0.0,0.0011806185555239951
2024-12-31,0.0,0.0,0.0,0.0,0.0032198884987717324
2025-01-02,0.0,0.0,0.0,0.0,-0.004022222486039254
2025-01-03,0.0,0.0,0.0,0.0,-0.005730125592789469
2025-01-06,0.0,0.0,0.0,0.0,-0.0020858524418900875
2025-01-07,0.0,0.0,0.0,0.0,0.00283814537140255
2025-01-08,0.0,0.0,0.0,0.0,0.0024775838830973047
2025-01-09,0.0,0.0,0.0,0.0,-0.005496016291528108
2025-01-10,0.0,0.0,0.0,0.0,-0.00015442424563979042
2025-01-13,0.0,0.0,0.0,0.0,-0.0013952009665633954
2025-01-14,0.0,0.0,0.0,0.0,0.0028057892263835447
2025-01-15,0.0,0.0,0.0,0.0,0.004217758798408725
2025-01-16,0.0,0.0,0.0,0.0,0.0036623849348977984
2025-01-17,0.0,0.0,0.0,0.0,-0.003438361510751584
2025-01-20,0.0,0.0,0.0,0.0,-0.0007966192258592364
2025-01-21,0.0,0.0,0.0,0.0,-0.0012369982476111668
2025-01-22,0.0,0.0,0.0,0.0,0.0074600728741100525
2025-01-23,0.0,0.0,0.0,0.0,0.004472734217704056
2025-01-24,0.0,0.0,0.0,0.0,0.00029888640039194204
2025-02-03,0.0,0.0,0.0,0.0,0.006664524505012416
2025-02-04,0.0,0.0,0.0,0.0,0.0032009993140904957
2025-02-05,0.0,0.0,0.0,0.0,0.008572170628630645
2025-02-06,0.0,0.0,0.0,0.0,0.0071914042226676675
2025-02-07,0.011363636363636465,1.0,0.001,0.010363636363636464,0.003415103620774025
2025-02-10,0.0,1.0,0.001,-0.001,0.008044321699374992
2025-02-11,0.0,0.0,0.0,0.0,-0.001172572233133651
2025-02-12,0.0,0.0,0.0,0.0,0.0010385902673331576
2025-02-13,0.0,0.0,0.0,0.0,0.004003059690160565
2025-02-14,0.0,0.0,0.0,0.0,0.0066978940397847886
2025-02-17,0.0,0.0,0.0,0.0,0.0048181544304108795
2025-02-18,0.0,0.0,0.0,0.0,0.004448255945038636
2025-02-19,-0.041095890410958846,1.0,0.001,-0.04209589041095885,0.004262595877992761
2025-02-20,0.0,1.0,0.001,-0.001,0.004810317054485891
2025-02-21,0.0,0.0,0.0,0.0,0.0007933756122316604
2025-02-24,0.0,0.0,0.0,0.0,-0.00021277384684810814
2025-02-25,0.0,0.0,0.0,0.0,0.003598594124821989
2025-02-26,0.0,0.0,0.0,0.0,0.0014479264907488508
2025-02-27,0.0,0.0,0.0,0.0,-9.499585932993191e-05
2025-02-28,0.0,0.0,0.0,0.0,-0.00032924753685234975
2025-03-03,0.0,0.0,0.0,0.0,-6.106870006862741e-05
2025-03-04,0.0,0.0,0.0,0.0,-0.003395735510893335
2025-03-05,0.0,0.0,0.0,0.0,0.003953828827737991
2025-03-06,0.0,0.0,0.0,0.0,-0.0011328488048092378
2025-03-07,0.0,0.0,0.0,0.0,-0.0014687649044343178
2025-03-10,0.0,0.0,0.0,0.0,-0.00044584241845856273
2025-03-11,0.0,0.0,0.0,0.0,0.001763568889773654
2025-03-12,0.0,0.0,0.0,0.0,-0.0016943788360994957
2025-03-13,0.0,0.0,0.0,0.0,-0.0014850181977334356
2025-03-14,0.0,0.0,0.0,0.0,0.003758704551184231
2025-03-17,0.0,0.0,0.0,0.0,0.001312891341199
2025-03-18,0.0,0.0,0.0,0.0,-0.0017575986764936757
2025-03-19,0.0,0.0,0.0,0.0,0.0005308814539548695
2025-03-20,0.0,0.0,0.0,0.0,-0.0015343810835345129
2025-03-21,0.0,0.0,0.0,0.0,0.001028805628254758
2025-03-24,0.0,0.0,0.0,0.0,0.001823307681343748
2025-03-25,0.0,1.0,0.001,-0.001,-0.002379389024141566
2025-03-26,0.0,1.0,0.001,-0.001,-0.0007451167725122359
2025-03-27,0.0,0.0,0.0,0.0,0.0008929264422399381
2025-03-28,0.0,0.0,0.0,0.0,-0.006507410545289962
2025-03-31,0.0,0.0,0.0,0.0,0.004875485652341247
2025-04-01,0.0,0.0,0.0,0.0,0.0024712133727300255
2025-04-02,0.0,0.0,0.0,0.0,-0.047598638617911325
2025-04-03,0.0,0.0,0.0,0.0,-0.01064269803049577
2025-04-04,0.0,0.0,0.0,0.0,-0.04172283055938496
2025-04-08,0.0,0.0,0.0,0.0,-0.01780626489425278
2025-04-09,0.0,0.0,0.0,0.0,0.054714516765458625
2025-04-10,0.0,0.0,0.0,0.0,0.013030049152343556
2025-04-11,0.0,0.0,0.0,0.0,0.0016974508853302614
2025-04-14,0.0,0.0,0.0,0.0,-0.00988715540739483
2025-04-15,0.0,0.0,0.0,0.0,-0.0029531227204003868
2025-04-16,0.0,0.0,0.0,0.0,0.005306867921477247
2025-04-17,0.0,0.0,0.0,0.0,0.008074379215412226
2025-04-18,0.0,0.0,0.0,0.0,-0.00210157813573681
2025-04-21,0.0,0.0,0.0,0.0,-0.01213171079447551
2025-04-22,0.0,0.0,0.0,0.0,0.009808987895538471
2025-04-23,0.0,0.0,0.0,0.0,0.003031797189265812
2025-04-24,0.0,0.0,0.0,0.0,0.0022722841794588266
2025-04-25,0.0,0.0,0.0,0.0,0.004064247860850083
2025-04-28,0.0,0.0,0.0,0.0,0.0009813776783643945
2025-04-29,0.0,0.0,0.0,0.0,0.0028800363809415824
2025-05-05,0.0,0.0,0.0,0.0,0.00291149026564927
2025-05-06,0.0,0.0,0.0,0.0,0.0007125600208960058
2025-05-07,0.0,0.0,0.0,0.0,0.0048254568031324985
2025-05-08,0.0,0.0,0.0,0.0,-0.0022216953778818175
2025-05-09,0.0,0.0,0.0,0.0,0.00562324318372978
2025-05-12,0.0,0.0,0.0,0.0,0.005210512804307477
2025-05-13,0.0,0.0,0.0,0.0,0.00098852465236743
2025-05-14,0.0,0.0,0.0,0.0,0.0018410992258364061
2025-05-15,0.0,0.0,0.0,0.0,-0.0018316968925082174
2025-05-16,0.0,0.0,0.0,0.0,-0.0008337119546857678
2025-05-19,0.0,0.0,0.0,0.0,0.001800210688994396
2025-05-20,0.0,0.0,0.0,0.0,0.000927465492808107
2025-05-21,0.0,0.0,0.0,0.0,-0.003260638327149957
2025-05-22,0.0,0.0,0.0,0.0,0.0009648914987102901
2025-05-23,0.0,0.0,0.0,0.0,0.005340526223503152
2025-05-26,0.0,0.0,0.0,0.0,0.003914004436736398
2025-05-27,0.0,0.0,0.0,0.0,0.001603991313767125
2025-05-28,0.0,0.0,0.0,0.0,0.00224097967731765
2025-05-29,0.0,0.0,0.0,0.0,-0.0019386980744019486
2025-05-30,0.0,0.0,0.0,0.0,0.0023091608617624593
2025-06-02,0.0,0.0,0.0,0.0,0.00496112464659689
2025-06-03,0.0,0.0,0.0,0.0,0.002127398903702791
2025-06-04,0.0,0.0,0.0,0.0,0.001954553434725808
2025-06-05,0.0,0.0,0.0,0.0,-0.006483949925427871
2025-06-06,0.0,0.0,0.0,0.0,-0.004095167399719039
2025-06-09,0.0,0.0,0.0,0.0,0.0006076851970516329
2025-06-10,0.0,0.0,0.0,0.0,-0.0003130538023137527
2025-06-11,0.0,0.0,0.0,0.0,0.002459087217910634
2025-06-12,0.0,0.0,0.0,0.0,-0.004111055388485444
2025-06-13,0.0,0.0,0.0,0.0,0.007262692617152742
2025-06-16,0.0,0.0,0.0,0.0,0.002410685650497943
2025-06-17,0.0,0.0,0.0,0.0,0.002606052478345198
2025-06-18,0.0,0.0,0.0,0.0,-0.00045176029923154986
2025-06-19,0.0,0.0,0.0,0.0,0.0005629694568160381
2025-06-20,0.0,0.0,0.0,0.0,-0.0014811421044254396
2025-06-23,0.0,0.0,0.0,0.0,-7.153314786921435e-06
2025-06-24,0.0,0.0,0.0,0.0,0.0031612609797637453
2025-06-25,0.0,0.0,0.0,0.0,-0.0032874266295340486
2025-06-26,0.0,0.0,0.0,0.0,0.0026483746992739337
2025-06-27,0.0,0.0,0.0,0.0,0.0009114035855189753
2025-06-30,0.0,0.0,0.0,0.0,0.0011376781564033588
2025-07-01,0.0,0.0,0.0,0.0,0.00328551750616368
2025-07-02,0.0,0.0,0.0,0.0,0.0002892777787982195
2025-07-03,0.0,0.0,0.0,0.0,0.0028707653315772582
2025-07-04,0.0,0.0,0.0,0.0,0.0028164001608215554
2025-07-07,0.0,0.0,0.0,0.0,0.004063732287836497
2025-07-08,0.0,0.0,0.0,0.0,0.005942960454716237
2025-07-09,0.0,0.0,0.0,0.0,0.004003258958212109
2025-07-10,0.0,0.0,0.0,0.0,0.003276832198144913
2025-07-11,0.0,0.0,0.0,0.0,0.000588315296908917
2025-07-14,0.0,0.0,0.0,0.0,0.00033530516210659463
2025-07-15,0.0,0.0,0.0,0.0,0.002881952158824512
2025-07-16,0.0,0.0,0.0,0.0,0.002920901549517622
2025-07-17,0.0,0.0,0.0,0.0,0.0028200888517184164
2025-07-18,0.0,0.0,0.0,0.0,0.0013158200722288007
2025-07-21,0.0,0.0,0.0,0.0,0.006490694779817403
2025-07-22,0.0,0.0,0.0,0.0,0.0023915753963711793
2025-07-23,-0.040000000000000036,1.0,0.001,-0.041000000000000036,0.0036457536239694476
2025-07-24,0.0,1.0,0.001,-0.001,0.004427512543527879
2025-07-25,0.0,0.0,0.0,0.0,0.012376733714456098
2025-07-28,0.0,0.0,0.0,0.0,-0.013615076487589596
2025-07-29,0.0,0.0,0.0,0.0,0.0077080344622967355
2025-07-30,0.0,0.0,0.0,0.0,0.007708557822611212
2025-07-31,0.0,0.0,0.0,0.0,0.00046187547715346777
2025-08-01,0.0,0.0,0.0,0.0,0.005192769433274638
2025-08-04,0.0,0.0,0.0,0.0,-0.003251118796534895
2025-08-05,0.0,0.0,0.0,0.0,0.0049443243329474595
2025-08-06,0.0,0.0,0.0,0.0,0.004972972991909769
2025-08-07,0.0,0.0,0.0,0.0,0.0017422221946678134
2025-08-08,0.0,0.0,0.0,0.0,0.0073455002007167085
2025-08-11,0.0,0.0,0.0,0.0,0.003582249129046432
2025-08-12,0.0,0.0,0.0,0.0,0.0021580097906075068
2025-08-13,0.0,0.0,0.0,0.0,0.006328838668174146
2025-08-14,0.0,0.0,0.0,0.0,-0.005800778606277283
2025-08-15,0.0,0.0,0.0,0.0,0.005247924472463589
2025-08-18,0.0,0.0,0.0,0.0,0.005561623077311454
2025-08-19,0.0,0.0,0.0,0.0,-0.008126055379449593
2025-08-20,0.0,0.0,0.0,0.0,-0.0009614347136208023
2025-08-21,0.0,0.0,0.0,0.0,-0.015620240570099643
2025-08-22,0.0,0.0,0.0,0.0,-0.002125089014993524
2025-08-25,0.0,0.0,0.0,0.0,0.008053581982499699
2025-08-26,0.0,0.0,0.0,0.0,0.003496468765500597
2025-08-27,0.0,0.0,0.0,0.0,0.0021701872232928925
2025-08-28,0.0,0.0,0.0,0.0,0.0026078836491319904
2025-08-29,0.0,0.0,0.0,0.0,
